frame,PROT_to_UNK,UNK_to_PROT
0,2,0
1,4,0
2,3,0
3,1,0
4,3,0
5,5,0
6,3,0
7,1,1
8,3,0
9,2,0
10,1,0
11,2,0
12,2,0
13,2,0
14,2,0
15,4,0
16,3,0
17,3,0
18,2,0
19,1,0
20,3,0
21,3,0
22,1,0
23,1,0
24,0,0
25,4,0
26,1,0
27,1,0
28,2,0
29,3,0
30,3,0
31,5,0
32,1,0
33,3,0
34,2,0
35,2,0
36,2,0
37,1,1
38,2,0
39,2,0
40,1,0
41,2,0
42,2,0
43,1,0
44,2,0
45,2,0
46,3,1
47,2,0
48,2,0
49,2,0
50,3,0
51,2,0
52,3,0
53,2,0
54,2,0
55,3,0
56,2,0
57,2,0
58,2,0
59,2,0
60,2,0
61,4,0
62,2,0
63,2,0
64,3,0
65,2,0
66,3,0
67,2,0
68,2,0
69,2,0
70,3,0
71,2,0
72,1,0
73,2,0
74,2,0
75,1,0
76,1,0
77,2,0
78,0,0
79,1,0
80,4,0
81,1,0
82,1,0
83,2,0
84,3,0
85,1,0
86,3,0
87,1,0
88,1,0
89,2,0
90,1,0
91,1,0
92,1,0
93,1,0
94,1,0
95,2,0
96,3,0
97,1,0
98,2,0
99,1,0
100,2,0
101,1,0
102,1,0
103,2,0
104,1,0
105,2,0
106,2,0
107,3,0
108,1,0
109,2,0
110,3,0
111,2,0
112,4,0
113,3,0
114,1,0
115,2,0
116,3,0
117,2,0
118,3,0
119,1,0
120,1,0
121,1,0
122,2,0
123,4,0
124,1,0
125,2,0
126,2,0
127,1,0
128,1,0
129,3,0
130,2,0
131,1,0
132,3,0
133,0,0
134,0,0
135,0,0
136,2,0
137,2,0
138,2,0
139,1,0
140,1,0
141,1,0
142,3,0
143,1,0
144,2,0
145,0,0
146,3,0
147,0,0
148,2,0
149,2,0
150,2,0
151,1,0
152,5,0
153,2,0
154,3,0
155,3,0
156,4,0
157,3,0
158,2,0
159,5,0
160,4,0
161,5,0
162,1,0
163,6,0
164,4,0
165,5,0
166,5,0
167,2,0
168,2,0
169,5,0
170,2,0
171,3,0
172,2,0
173,5,0
174,2,0
175,4,0
176,1,0
177,6,0
178,2,0
179,3,0
180,3,0
181,2,0
182,4,0
183,4,0
184,2,0
185,1,0
186,4,0
187,0,0
188,1,0
189,0,0
190,2,0
191,2,0
192,3,0
193,1,0
194,3,0
195,2,0
196,1,0
197,2,0
198,2,0
199,3,0
200,2,0
201,2,0
202,2,0
203,2,0
204,2,0
205,4,0
206,1,0
207,3,0
208,2,0
209,4,0
210,2,0
211,3,0
212,2,0
213,3,0
214,3,0
215,5,0
216,2,0
217,4,0
218,3,0
219,1,0
220,2,0
221,4,0
222,4,0
223,2,0
224,0,0
225,2,0
226,3,0
227,2,0
228,2,0
229,2,0
230,2,0
231,3,0
232,1,0
233,1,0
234,2,0
235,0,0
236,3,0
237,1,0
238,1,0
239,3,0
240,2,0
241,2,0
242,2,0
243,2,0
244,0,0
245,4,0
246,1,0
247,1,0
248,3,0
249,2,0
250,1,0
251,2,0
252,1,0
253,2,0
254,2,0
255,3,0
256,2,0
257,2,0
258,1,0
259,1,0
260,2,0
261,3,0
262,1,0
263,2,0
264,2,1
265,2,0
266,0,0
267,2,0
268,4,0
269,0,0
270,2,0
271,1,0
272,2,0
273,1,0
274,0,0
275,0,0
276,0,0
277,1,0
278,1,1
279,1,0
280,1,0
281,3,0
282,0,0
283,2,0
284,0,0
285,2,0
286,2,0
287,2,0
288,2,0
289,2,0
290,1,0
291,1,0
292,1,0
293,3,0
294,2,0
295,1,0
296,1,0
297,1,0
298,1,0
299,3,0
300,4,0
301,2,0
302,1,0
303,3,0
304,2,0
305,2,0
306,1,0
307,0,0
308,2,0
309,3,0
310,1,0
311,2,0
312,1,0
313,2,0
314,2,0
315,2,0
316,2,0
317,1,0
318,2,1
319,2,0
320,1,0
321,3,0
322,1,0
323,1,0
324,1,0
325,1,0
326,1,0
327,2,0
328,1,0
329,1,0
330,1,0
331,2,0
332,1,0
333,1,0
334,1,0
335,1,0
336,1,0
337,0,0
338,1,1
339,1,0
340,1,0
341,1,0
342,2,0
343,1,0
344,1,0
345,1,0
346,0,0
347,1,0
348,1,0
349,1,0
350,2,0
351,2,0
352,1,0
353,2,0
354,1,0
355,1,0
356,2,0
357,0,0
358,1,0
359,2,0
360,1,1
361,0,0
362,2,0
363,1,0
364,1,0
365,2,0
366,2,0
367,1,0
368,2,0
369,2,0
370,2,0
371,2,0
372,2,0
373,2,0
374,2,0
375,1,0
376,1,0
377,2,0
378,2,0
379,1,0
380,2,0
381,3,0
382,1,0
383,2,0
384,2,0
385,2,0
386,2,0
387,1,0
388,2,0
389,1,0
390,2,0
391,2,0
392,1,0
393,2,0
394,2,0
395,1,0
396,1,0
397,1,0
398,1,0
399,1,0
400,1,0
401,1,0
402,1,0
403,2,0
404,1,0
405,2,0
406,2,0
407,2,0
408,2,0
409,1,0
410,1,0
411,1,0
412,1,0
413,1,0
414,1,0
415,0,0
416,0,0
417,0,0
418,1,0
419,1,0
420,1,0
421,1,0
422,1,0
423,1,0
424,2,0
425,1,0
426,2,0
427,1,0
428,2,0
429,2,0
430,1,0
431,2,0
432,1,0
433,2,0
434,0,0
435,1,0
436,2,0
437,1,0
438,2,0
439,0,0
440,1,0
441,1,0
442,2,0
443,1,0
444,1,0
445,1,0
446,2,0
447,1,0
448,1,0
449,2,0
450,1,1
451,1,0
452,1,0
453,2,0
454,0,0
455,2,0
456,3,1
457,1,0
458,1,0
459,2,0
460,2,0
461,2,0
462,1,0
463,1,0
464,3,0
465,2,0
466,1,0
467,2,0
468,2,0
469,1,0
470,2,0
471,2,0
472,3,0
473,3,0
474,1,0
475,3,0
476,3,0
477,2,0
478,2,0
479,2,0
480,2,0
481,1,0
482,1,0
483,0,0
484,1,0
485,1,0
486,1,0
487,1,0
488,1,0
489,1,0
490,2,0
491,1,0
492,1,0
493,2,0
494,0,0
495,2,0
496,1,0
497,1,0
498,1,0
499,1,0
500,1,0
501,1,0
502,1,0
503,1,0
504,1,0
505,1,0
506,1,0
507,1,0
508,1,0
509,0,0
510,1,0
511,1,0
512,1,0
513,1,0
514,1,0
515,0,0
516,1,0
517,1,0
518,1,0
519,1,0
520,3,0
521,1,0
522,4,0
523,3,0
524,2,0
525,3,0
526,3,0
527,2,0
528,2,0
529,3,0
530,3,0
531,3,0
532,2,0
533,1,0
534,2,0
535,1,0
536,3,0
537,2,0
538,0,0
539,1,0
540,2,0
541,0,0
542,1,0
543,1,0
544,2,0
545,1,0
546,2,0
547,1,0
548,2,0
549,2,0
550,2,0
551,2,0
552,2,0
553,2,0
554,2,0
555,1,0
556,1,0
557,2,0
558,2,0
559,2,0
560,1,0
561,1,0
562,3,0
563,1,0
564,2,0
565,0,0
566,1,0
567,2,0
568,1,0
569,2,0
570,3,0
571,4,0
572,3,0
573,2,0
574,3,0
575,3,0
576,6,0
577,3,0
578,1,0
579,2,0
580,2,0
581,2,0
582,2,0
583,2,0
584,3,0
585,2,0
586,1,0
587,3,0
588,2,0
589,3,0
590,2,0
591,2,0
592,2,0
593,2,0
594,1,0
595,3,0
596,1,0
597,0,0
598,2,0
599,2,0
600,2,0
601,2,0
602,1,0
603,2,0
604,2,0
605,3,0
606,2,0
607,2,0
608,1,0
609,2,0
610,2,0
611,2,0
612,2,0
613,2,0
614,2,0
615,2,0
616,3,0
617,2,0
618,1,0
619,2,0
620,1,0
621,2,0
622,2,0
623,2,0
624,1,0
625,2,0
626,1,0
627,2,0
628,2,0
629,2,0
630,1,0
631,2,0
632,2,0
633,1,0
634,2,0
635,2,0
636,2,0
637,2,0
638,2,0
639,2,0
640,2,0
641,2,0
642,4,0
643,2,0
644,2,0
645,2,0
646,1,0
647,2,0
648,3,0
649,2,0
650,2,0
651,2,0
652,1,0
653,1,0
654,2,0
655,2,0
656,1,0
657,2,0
658,2,0
659,1,0
660,3,0
661,1,0
662,2,0
663,2,0
664,2,0
665,3,0
666,2,0
667,2,0
668,3,0
669,2,0
670,2,0
671,1,0
672,2,0
673,3,0
674,2,0
675,2,0
676,2,0
677,1,0
678,2,0
679,2,0
680,2,0
681,1,0
682,3,0
683,3,0
684,2,0
685,2,0
686,2,0
687,2,0
688,2,0
689,2,0
690,2,0
691,2,0
692,2,0
693,3,0
694,2,0
695,1,0
696,2,0
697,0,0
698,2,0
699,2,0
700,1,0
701,2,0
702,2,0
703,1,0
704,2,0
705,2,0
706,2,0
707,1,0
708,3,0
709,1,0
710,1,0
711,2,0
712,2,0
713,3,0
714,3,0
715,1,0
716,2,0
717,1,0
718,3,0
719,1,0
720,2,0
721,2,0
722,2,0
723,3,0
724,2,0
725,1,0
726,2,0
727,2,0
728,2,0
729,2,0
730,1,0
731,2,0
732,2,0
733,2,0
734,1,0
735,2,0
736,2,0
737,2,0
738,3,0
739,2,0
740,1,0
741,2,0
742,2,0
743,2,0
744,2,0
745,2,0
746,2,0
747,1,0
748,2,0
749,0,0
750,3,0
751,1,0
752,2,0
753,2,0
754,2,0
755,2,0
756,3,0
757,3,0
758,2,0
759,2,0
760,2,0
761,1,0
762,1,0
763,2,0
764,2,0
765,2,0
766,3,0
767,1,0
768,3,0
769,2,0
770,3,0
771,3,0
772,2,0
773,2,0
774,2,0
775,1,1
776,2,0
777,2,0
778,2,0
779,2,0
780,3,0
781,2,0
782,2,0
783,1,0
784,1,0
785,2,0
786,2,0
787,2,0
788,1,0
789,0,0
790,3,0
791,2,0
792,2,0
793,1,0
794,2,0
795,2,0
796,2,0
797,0,0
798,4,0
799,3,0
800,3,0
801,2,0
802,2,0
803,2,0
804,1,0
805,4,0
806,1,0
807,0,0
808,2,0
809,2,0
810,2,0
811,1,0
812,2,0
813,2,0
814,2,0
815,2,0
816,2,0
817,2,0
818,2,0
819,2,0
820,2,0
821,1,0
822,1,0
823,1,0
824,1,0
825,1,0
826,0,0
827,2,0
828,3,0
829,2,0
830,1,0
831,1,0
832,2,0
833,2,0
834,0,0
835,1,0
836,2,0
837,2,0
838,2,0
839,1,0
840,1,0
841,1,0
842,3,0
843,1,0
844,5,0
845,2,0
846,2,0
847,1,0
848,1,0
849,0,0
850,0,0
851,5,0
852,0,0
853,1,0
854,1,0
855,2,0
856,3,0
857,1,0
858,3,0
859,1,0
860,4,0
861,2,0
862,2,0
863,2,0
864,2,0
865,1,0
866,2,0
867,2,0
868,1,0
869,2,0
870,1,0
871,1,0
872,3,0
873,2,0
874,4,0
875,3,0
876,3,0
877,4,0
878,4,0
879,3,0
880,2,0
881,1,0
882,1,0
883,0,1
884,2,0
885,2,0
886,4,0
887,2,0
888,1,0
889,6,0
890,6,0
891,5,0
892,3,0
893,2,0
894,2,0
895,4,0
896,2,0
897,3,0
898,3,0
899,2,0
900,2,0
901,2,0
902,3,0
903,3,0
904,2,0
905,2,0
906,3,0
907,4,0
908,2,0
909,2,0
910,3,0
911,3,0
912,1,0
913,2,0
914,2,0
915,1,0
916,2,0
917,2,0
918,1,0
919,3,0
920,2,0
921,5,0
922,3,0
923,2,0
924,5,0
925,4,0
926,3,0
927,2,0
928,3,0
929,2,0
930,2,0
931,2,0
932,2,0
933,2,0
934,1,0
935,1,0
936,2,0
937,4,0
938,5,0
939,5,0
940,2,0
941,1,0
942,2,0
943,3,0
944,2,0
945,2,0
946,1,0
947,1,0
948,2,0
949,3,0
950,2,0
951,6,0
952,4,0
953,3,0
954,2,0
955,3,0
956,3,0
957,3,0
958,1,0
959,2,0
960,1,0
961,5,0
962,2,0
963,2,0
964,2,0
965,2,0
966,3,0
967,2,0
968,3,0
969,1,0
970,1,0
971,1,0
972,2,0
973,1,0
974,4,0
975,3,0
976,1,0
977,2,0
978,2,0
979,2,0
980,2,0
981,2,0
982,3,0
983,2,0
984,1,0
985,2,0
986,2,0
987,2,0
988,3,0
989,3,0
990,2,0
991,1,0
992,3,0
993,2,0
994,1,0
995,3,0
996,3,0
997,1,0
998,1,0
999,2,0
1000,2,0
1001,2,0
1002,2,1
1003,1,0
1004,2,0
1005,2,0
1006,2,0
1007,3,0
1008,2,0
1009,2,0
1010,2,0
1011,2,0
1012,2,0
1013,1,0
1014,2,0
1015,2,0
1016,2,0
1017,1,0
1018,2,0
1019,1,0
1020,2,0
1021,1,0
1022,3,0
1023,2,0
1024,2,0
1025,2,0
1026,2,0
1027,3,0
1028,1,0
1029,2,0
1030,1,0
1031,1,0
1032,1,0
1033,2,0
1034,2,0
1035,3,0
1036,1,0
1037,2,0
1038,2,0
1039,2,0
1040,2,0
1041,2,0
1042,2,0
1043,1,0
1044,2,0
1045,2,0
1046,2,0
1047,2,0
1048,1,0
1049,3,0
1050,2,0
1051,2,0
1052,1,0
1053,2,0
1054,1,0
1055,3,0
1056,2,0
1057,2,0
1058,1,0
1059,2,1
1060,2,0
1061,2,0
1062,2,0
1063,2,0
1064,2,0
1065,2,0
1066,1,0
1067,2,0
1068,2,0
1069,2,0
1070,2,0
1071,3,0
1072,1,0
1073,2,0
1074,2,0
1075,2,0
1076,2,0
1077,2,0
1078,1,0
1079,1,0
1080,2,0
1081,2,0
1082,2,0
1083,2,0
1084,3,0
1085,2,0
1086,2,0
1087,2,0
1088,2,0
1089,2,0
1090,1,0
1091,2,0
1092,2,0
1093,2,0
1094,1,0
1095,1,0
1096,3,0
1097,2,0
1098,1,0
1099,2,0
